джинсы женские,248821
летний льняной костюм с брюками,29825
лонгслив женский,406404
футболка женская,19432572
рубашка женская,371406
кардиган женский,149885
куртка демисезонная женская,432645
платье женское,1115304
брюки женские,676304
befree,7643
пиджак женский,269173
свитер женский,435966
куртка осенняя женская,523888
футболка мужская,14618994
юбка женская,303861
ветровка женская,99175
кофта женская,1837570
пальто женское весна-осень,139786
джинсы,378683
костюм женский,1071185
блузка женская,427100
пижама женская,333232
джинсы мужские,128577
жилетка женская осенне-весенние,136040
бомбер женский,49667
куртка зимняя женская,574356
свитшот женский,296081
платье женское летнее,1028419
gloria jeans,5856
брюки женские классические,177323
платье женское праздничное,267899
костюм женский брючный,275064
sela,2121
пижама женская с шортами,120453
лонгслив,526516
футболка,23976609
халат женский домашний,93506
худи женское,896372
джинсы женские широкие,124587
рубашка мужская в полоску,22808
телодвижения,117935
кардиган женский удлиненный,50000
худи,1531228
брюки школьные для мальчика,39586
джемпер женский,254634
платье,1333682
тренч женский,26532
рубашка,715875
блузка школьная для девочки,48395
zarina женское,6181
рубашка школьная для девочки,44011
юбка,346286
love republic,882
брюки школьные для девочки,91393
zarina,7313
пижама женская со штанами,105928
поло женское,73714
befree женское,6007
брюки,2390502
тишка,83155
топ летний вечерний,254784
рубашка школьная для мальчика,21711
ветровка женская весна-осень модная 2026,9234
кардиган,181304
водолазка женская,35530
кофта,3834480
жакет женский,127309
футболка женская оверсайз,10252553
толстовка женская,1142358
блузка женская нарядная,115514
рубашка мужская,290941
рубашка мужская оверсайз,19443
брюки мужские,432238
кожаная куртка женская,1004085
топ женский,1813277
спортивный костюм для девочки,103280
поло,457997
пижама,506632
рубашка женская белая,168442
лонгслив женский оверсайз,71064
sela женская,1638
пиджак женский оверсайз,15064
тренч укороченный женский,4892
лосины женские,162218
пуховик женский зимний,180706
брюки палаццо женские,75983
джинсы мужские широкие,35800
куртка,1288991
шорты женские летние,282079
твое,417551
поло мужское,241369
свитер,523052
зипка,232388
штаны,2390502
юбка школьная для девочки,27025
пальто женское,188163
жилетка женская,205122
майка женская,239874
джинсы женские прямые,88257
пиджак женский приталенный,19925
худи мужское,508511
жилетка женская костюмная,13450
лонгслив мужской,274740
штаны женские,676304
плащ женский осень-весна,32453
зимняя куртка женская,574356
пиджак,134312
школьная форма для девочек,162898
куртка женская зимняя,574356
платье женское вечернее,450997
пижама для девочки,89531
тренч,26533
gloria jeans для девочек,1697
бомбер женский весна-осень,36186
топ женский летний,892341
кофта мужская,1749105
платье вечернее,583209
шорты,1103855
зипка женская,63903
бомбер,103186
велосипедки женские,17638
джинсы клеш,62120
сарафан женский летний,114237
блузка,444074
ветровка мужская,93758
свитер женский оверсайз,202101
юбка шорты женские,60079
брючный костюм женский,275064
куртка женская,122394
топ,1212929
костюм,2096617
рубашка приталенная женская,18095
куртка мужская демисезонная,531809
свитшот,752992
sela девочки,689
лонгслив женский облегающий,40110
костюм летний женский,753850
шорты мужские,321553
костюм школьный для мальчика,32535
пальто,311804
свитшот мужской,606803
осенняя куртка женская,523888
легинсы женские,161945
ecru,268
o'stin женское,3577
ветровка,195499
шуба искусственная женская,22186
юбка шорты,49867
лонгслив для девочки,89962
куртка женская демисезонная,432645
шорты женские,362183
o'stin,2847
костюм женский классический,141104
пижама для мальчика,28847
штаны мужские,432238
домашний костюм женский,198848
футболка для мальчика,3289817
поло для мальчика,12288
дубленка женская зимняя,11091
брюки клеш женские,88592
куртка кожаная женская,1004085
red flag,868
lc waikiki,8456
рубашка женская приталенная,18095
джинсовая куртка женская,50293
толстовка мужская,1056825
maag,966
джинсы клеш женские,40890
zolla женское,3266
брюки женские палаццо,75983
платье для девочки,396769
ресейл,0
брюки мужские классические,66700
толстовка женская с капюшоном,895904
футболки мужские,14618994
косуха женская,23678
джинсы багги женские,46748
телодвижения женское,31947
бомбер мужской,84070
рубашка белая женская,168442
кардиган женский укороченный,27659
костюм брючный женский,275064
майка женская летняя,109499
толстовка,2328560
человек паук,672468
джинсы черные,108104
футболки женские,19432572
куртка женская осенняя,523888
happy baby,1168
куртка демисезонная для мальчика,76800
футболка мужская оверсайз,9984245
твое женское,1706
приталенная рубашка женская,18095
tishka,83155
рубашка мужская белая,77418
куртка демисезонная для девочки,130607
sela для мальчика,364
брюки школьные,188889
белая футболка женская,4269635
gloria jeans женская,2375
юбка школьная,45253
ночная сорочка женская,306567
lime,23623
костюм женский с юбкой,83082
джинсы багги,66616
рубашка мужская с длинным рукавом,78799
crockid,2647
кофта у2к,963728
зипка мужская,71619
gloria jeans для мальчиков,1009
свадебное платье,48992
zolla,5065
рубашка женская в клетку,24742
куртка осенняя мужская,525133
лонгслив для мальчика,20268
женская одежда,28375740
туника пляжная женская,46201
ветровка для мальчика,9545
футболки,23976609
джинсы черные женские,62492
шорты мужские летние,305011
платье вечернее женское,450997
фартук школьный белый,3308
худи у2к,711196
платье женское офисное,219592
футболка поло женская,73714
платье женское осень,962763
одежда женская,28375740
костюм женский праздничный,229179
клеш джинсы,62120
жакет,219433
лосины женские спортивные,102629
рубашка женская в полоску,28148
белая рубашка женская,168442
ночная сорочка женская хлопок,26282
кардиган для девочки школьный,11916
рубашка приталенная,48250
рубашка белая,258050
майка,377122
костюм женский осенний,441225
халат женский домашний на молнии,9789
вечернее платье женское,450997
бомбер школьный для мальчика,2935
сарафан школьный для девочки,11128
тренч женский укороченный,4892
куртка зимняя мужская,585537
зипка y2k,37262
куртка зимняя,1138238
ветровка для девочки,26864
куртка демисезонная для женщин,432645
худи женское оверсайз,726309
безрукавка женская весна-осень,126084
велосипедки для девочек,2923
брюки классические женские,177323
куртка мужская,758292
тренч женский длинный,8683
рубашка школьная,103863
лонгслив у2к,105256
playtoday,6904
сорочка женская ночная,306567
джинсы женские багги,46748
платье пиджак женское,8764
футболка белая для девочки,1487048
костюм мужской классический,25958
куртка осенняя,
джинсы для мальчика,13814
жилетка,486103
льняной костюм с брюками,24020
форма школьная для мальчика,172611
свитер мужской,127863
костюм для девочки,115856
куртка осенняя,1009363
футболка для девочки,5467819
костюм спортивный для девочки,103280
костюм мужской,622665
куртка осенняя женская с капюшоном,204674
костюм человека паука взрослый,11865
одежда,2701502
кожанка женская,80306
скимс футболка,24076
костюм осенний женский,441225
костюм с юбкой женский,83082
жилетка школьная для девочки,16747
шорты джинсовые женские,41383
джинсы широкие,174165
рубашка мужская бежевая,19822
снежная королева,10767
куртка мужская зимняя,585537
дождевик женский с капюшоном непромокаемый,51187
футболка у2к,9210138
юбка женская летняя,231666
джинсы женские с высокой посадкой,169194
рубашка в клетку женская,24742
комбинезон женский,106649
костюм летний женский с брюками,246984
пиджак приталенный женский,19925
джемпер мужской,81308
бифри,7643
футболка поло,287724
джинсы для девочки,117197
джоггеры мужские,32459
mango,5187
костюм человека паука,15330
туника женская домашняя,35919
дождевик,361024
футболка белая,10056281
пальто женское весна-осень длинное,52601
джемпер,318136
джинсы мужские бананы,8441
жилетка мужская,177341
халат женский,127345
черные джинсы,108104
koton,13581
лосины для девочки,37717
рубашка мужская коричневая,13614
кофта на молнии женская,140249
белая футболка,10056281
waikiki для женщин,4791
брюки алладины женские,11081
костюм женский брючный классический,41841
блузка женская офисная,137705
юбка атласная,19972
трикотажный костюм женский,103532
блузка школьная для девочки подростка,22213
футболка белая для мальчика,574664
белые джинсы женские,10903
футболка мужская хлопок,13072691
кардиган мужской,28011
ветровка мужская осенняя-весенняя,75480
юбка женская офисная,77599
рубашка мужская белая оверсайз,7605
юбка карандаш женская,28371
водолазка женская с горлом,9871
платье женское летнее больших размеров,227689
футболка белая женская,4269635
алладины женские,9547
жилетка женская утепленная,51268
джинсовка женская,50293
комбинезон женский летний,94315
vilet,194
спортивные штаны для мальчика,26325
зип худи,232388
брюки черные женские,373401
брюки палаццо,108911
брючный костюм женский праздничный,79077
приталенная рубашка,48250
кожаные брюки женские,34000
рубашка женская оверсайз,74732
белый лонгслив,183282
кофта женская на молнии,140249
кардиган для мальчика школьный,2601
платье осеннее женское,962763
футболка скимс,
кофта женская теплая,476632
свитер мужской оверсайз,22478
джинсы женские черные,62492
брюки клеш,93030
снежная королева одежда женская,4050
школьная форма для мальчика,172611
куртка мужская осенняя,525133
лонгслив белый,183282
вязаный костюм женский,15290
куртка демисезонная мужская,531809
комбинезон женский вечерний,12802
костюм брючный женский деловой,64938
поло для мальчика в школу,18866
пиджак мужской,41644
полупальто женское демисезонное,9063
жилетка костюмная приталенная,6336
y2k,12670348
белая футболка для мальчика,574664
черные джинсы женские,62492
юбка джинсовая женская,17707
штаны школьные для девочки,91393
maag одежда женская,545
кофта школьная для девочки,264218
толстовка женская на молнии,101765
костюм для мальчика,144630
джинсы женские коричневые,13908
crockid для девочек,1522
куртка демисезонная женская с капюшоном,195269
белая футболка для девочки,1487048
сарафан летний женский,114237
сорочка женская,150586
футболка поло мужская,171619
пальто осеннее женское,145583
плащ женский,
рубашка женская голубая,
пальто укороченное женское,
брюки школьные для мальчика на резинке,25396
юбка черная,128553
юбка женская длинная,36137
брюки женские широкие,323213
клеш,198358
брюки мужские широкие,
funday,3527
рубашка женская летняя,324853
юбка шорты школьная для девочки,11528
спортивные штаны для девочки,
свитер женский с горлом,25106
зимний комбинезон для девочки,
халат,
поло мужское с коротким рукавом,
твидовый пиджак женский,
поло для девочки в школу,8977
джинсы для беременных,
футболка женская летняя,
зип худи женское,
жилет,
crockid для мальчика,1189
пуховик женский зимний длинный,51639
мини юбка,118549
велосипедки,25799
платье летнее женское,1028419
жилетка мужская весна-осень,156809
waikiki,8456
лосины,189085
футболка оверсайз,11296751
футболка y2k,9209412
шуба,34428
шорты для мальчика,16657
ночнушка женская,306567
жилет школьный для мальчика,13809
зимний комбинезон для мальчика,15070
голубая рубашка женская,31513
школьные брюки для девочки,
annemore,
водолазка,
джинсы женские бананы,
зарина,
жилет женский утепленный,
укороченный тренч женский,
куртка демисезонная,
джинсы бананы женские,
пальто зимнее женское,
брюки женские классические прямые,
блузка женская летняя,
костюм двойка женский,
домашний костюм женский с брюками,84790
рубашка школьная для девочки подростка,19263
сарафан женский,115158
домашняя одежда для женщин,4454692
костюм классический женский,141104
love republic платье,239
блузка белая женская,111363
син sinsay,1414
туника женская,98428
пиджак укороченный женский,16579
mango женское,16708
бомбер школьный для девочки,3143
ветровка женская осенняя,51818
юбка карандаш,29367
штаны спортивные для мальчика,26325
комбинезон зимний для девочки,19593
косуха женская кожаная,11908
футболка оверсайз женская,10252553
школьная форма,667498
платье школьное для девочки,18219
футболка женская белая,4269635
жилет женский,205122
dub,2783
дождевик детский,94159
брюки бананы женские,13904
кофты женские,1837570
рубашки,715875
куртка осенняя для девочки,41605
летний костюм женский,
лонгслив с кружевом,10700
костюм школьный для девочки,48626
легинсы женские спортивные,102255
классические брюки женские,177323
рубашка мужская черная,
поло женское с коротким рукавом,28829
штаны алладины женские,11081
кожаная куртка,
топ женский вечерний,
штаны школьные,
замшевая куртка женская,
ветровка женская весна-осень модная,24145
футболка мужская с принтом,18155379
джинсы у2к,83068
белое платье женское,242888
комбинезон,422902
шорты черные для мальчика,4763
джинсы на низкой посадке,69145
брюки женские черные,373401
одежда у2к,7980190
джинсы мужские классические,26613
джинсы прямые женские,88257
платье школьное,54090
acoola,1639
пуховик мужской зимний,177002
осенний костюм женский,441225
куртка замшевая женская,16790
бомбер для мальчика,8431
платье пиджак,
белая рубашка,258050
осень 2026 женская одежда,
рубашка белая для мальчика,
легинсы для девочки,
джинсовая рубашка женская,
белые брюки женские,
куртка джинсовая женская,
пуловер женский,
мужская футболка,
олимпийка мужская,
кардиган женский длинный,
олимпийка женская,
жилет женский костюмный,
рубашка с коротким рукавом женская,
блуза женская,
велюровый костюм женский,
комбинезон демисезонный для мальчика,
школьные брюки для мальчика,
пиджак женский черный,
свитшот для девочки,
пальто мужское,79272
waikiki для девочек,491
куртка осень женская,523888
остин,
скимс,
ветровка осенняя женская,51818
зимняя куртка мужская,
рубашка мужская с коротким рукавом,
телодвижения мужское,
tishka футболка,
кофта на молнии,
куртка осенняя для мальчика,
платья женские,
рубашка мужская голубая,
вечернее платье,
куртка кожаная женская весна-осень,
платье комбинация женское,
пальто женское весна-осень короткое,
пижама мужская,
рубашка белая мужская,
майка белая женская,
джинсы широкие женские,124587
атласная юбка,
лонг,2129209
топик,1212929
пеньюар женский с халатом,12581
шуба женская,29925
брючный костюм женский с пиджаком,12876
блузка школьная,70717
парео пляжное женское,156220
клеш брюки,93030
дубленка женская,11305
топ бандо,16907
брюки женские летние,633906
кофточка женская,1837570
рубашки женские,371406
кардиган для девочки,8246
брюки коричневые женские,73776
одежда для беременных,907607
пальто пиджак женское,6464
дубленка женская демисезонная,
джинсы женские клеш,
леггинсы женские,161945
victoria ondar,88
свадебное платье белое,25050
лонгслив женский белый,72666
свитшот для мальчика,61729
твидовый костюм женский,1636
куртка бомбер женская,36234
кофта мужская на молнии,175444
белая футболка мужская,5380319
водолазка мужская,12089
бриджи женские летние,12311
marusha,110
топик для девочки,18343
zipkidz,51
вельветовые брюки женские,8801
befree мужское,1215
сарафан,147193
джинсы черные широкие,44061
кофты,3834480
черное платье женское,
костюм домашний женский,
джинсовый костюм женский,3682
lime одежда женская платье,347
приталенный пиджак женский,19925
джинсы коричневые женские,
ветровка женская весна-осень,
куртки женские демисезонные,
кожанка,
тренч укороченный,
джинсы белые женские,
кардиган женский на пуговицах,
юбка кожаная женская,
водолазка для мальчика,
юбки,
befree джинсы женские,
своя культура,
джинсы клеш женские от колена,
юбка мини,
джинсовая юбка женская,
штаны клеш,
безрукавка женская,
топ халтер с открытой спиной,4882
алладины женские летние,9799
свитшот женский оверсайз,
бомбер мужской весна-осень,
худи мужское с капюшоном,354831
galala,510
трико мужское,20123
парные футболки,1029129
топ под пиджак женский,74214
джинсы женские клеш от колена,12604
жилетка школьная для мальчика,13809
футболка женская больших размеров,2588160
белая блузка женская,111363
блузка женская белая,111363
комбинезон демисезонный для девочки,14324
блузка для девочки школьная,
куртка зимняя женская с капюшоном,
джинсы широкие мужские,
рубашка женская теплая,
черная футболка женская,
кожаная куртка мужская,68200
штаны для мальчика,294347
зимняя куртка,
футболки для девочек,
кофта женская нарядная,
брюки широкие,632035
села,2121
школа,5458847
guess,16631
neverlate,582
водолазка для девочки,7072
kira plastinina,305
koton женское,9880
блузки женские стильные,102046
джинсы y2k,80615
штаны широкие,632035
рубашка голубая женская,31513
платье летнее,1325605
emberens,10818
костюм тройка женский,14416
zarina джинсы женские,513
футболка белая мужская,5380319
флисовая кофта женская,100619
юбка длинная,37792
пуховик,329517
юбка женская короткая,33738
льняная рубашка женская,18975
джинсы клеш мужские,6617
шорты черные для девочки,4881
джинсы со стразами женские,4014
футболки для мальчика,3289817
бомбер женский осенний,35090
толстовка мужская с капюшоном,608700
ldlatte,538
костюм трикотажный женский с брюками,67015
рубашка женская школьная,68464
парка женская зимняя,37911
набор футболок для мальчика,26186
костюм вязаный женский,15290
худи женское с начесом,670218
кофта для девочки,363161
худи оверсайз,918697
распродажа,0
sens4you,147
рубашка для мальчика,19197
шорты спортивные,320203
серые брюки женские,173384
демисезонная куртка женская,432645
зип худи мужское,71619
zara,41209
джемпер для мальчика школьный,9726
джинсы befree женские,393
tommy hilfiger,32453
штаны спортивные для девочки,45627
парка женская демисезонная,29614
куртка зимняя для девочки,34730
платье черное женское,291717
майкл джексон,394078
костюм женский брючный деловой,64938
ночная сорочка женская больших размеров,39433
кружевной топ,
поло белое,
женский костюм,
комбинезон зимний для мальчика,
джинсы багги мужские,
двойка женская,
брюки вельветовые женские,
коричневые брюки женские,73776
олимпийка,25685
летний костюм с шортами,173996
лосины для беременных,7731
кардиган серый,28384
жилетка школьная,21153
топик женский летний,892341
велосипедки женские короткие,7320
сорочка в роддом,11798
поло женское с длинным рукавом,14683
пляжное платье женское,151513
толстовка для мальчика,302406
футболка для девочки подростка,720833
футболка мужская белая,5380319
брюки серые женские,173384
пиджак приталенный,21425
юбка шорты школьная,14209
джинсы мужские черные,38070
жилет школьный для девочки,16747
свитшот женский без начеса,439295
джемпер женский тонкий,40161
костюм на осень женский,441225
i am pijama,375
штаны для беременных,46497
клеш джинсы мужские,6617
джинсы клеш черные,14991
джинсы женские широкие черные,26572
tra noi,223
пиджак женский укороченный,16579
acoola для девочек,1076
серый кардиган,28384
пуховик женский зимний с капюшоном,93076
шорты домашние женские,112904
лонгслив для девочки школьный,35568
костюм велюровый женский,8391
брюки для мальчика,294347
юбка миди,87764
жакет женский приталенный,16030
рубашка у2к,17602
юбка черная женская,115579
куртка зимняя для мальчика,30177
глория джинс,5856
пижама женская с шортами и майкой,25173
плащ женский осень-весна длинный,30604
джинсовый комбинезон женский,5600
зипка мужская y2k,27445
водолазка для девочки школьная,9018
плащ,49142
брюки школьные для девочки подростка,28195
платье для девочки нарядное,62002
lacoste,202610
лонгслив женский с кружевом,8968
платья летние женские,1028419
рубашка школьная у2к,16110
leokid,278
брюки черные,438504
мужские футболки,14618994
халат махровый женский,9600
белые джинсы,13164
платье офисное,224786
джинсы мужские широкие черные,17324
платье вечернее праздничное,700879
у2к,10245534
setner,228
рубашка теплая женская,24866
брюки белые женские,358764
топ ципао,2206
платье женское осень 2026,194202
olso brand,161
ветровка женская удлиненная,16127
lime одежда женская,347
ципао,14117
куртка женская осень,523888
белая рубашка для мальчика,10259
пончо женское,28281
вечернее платье женское на торжество,184997
платья,1333682
штаны домашние женские,89742
лонгслив облегающий,45760
штаны для девочки,66646
sela школьная коллекция девочки,508
шорты классические женские,23133
юбка женская миди,89329
костюм женский летний,753850
блузка с баской женская,3586
ночная сорочка,283129
зимний пуховик женский,180706
funday женское,1774
косуха,30674
осенняя одежда женская,22323903
кардиган женский удлиненный теплый,18911
теплая пижама женская,54256
лонгслив оверсайз,205059
футболка женская с принтом,17669161
ostin,2847
блузка белая,148755
брюки для девочки школьные,91393
джинсы на резинке женские,14601
пижама теплая женская,54256
набор футболок женских,473647
брючный костюм женский классический,41841
рубашка приталенная у2к,2463
черные брюки женские,373401
блузка нарядная женская,115514
ночнушка женская хлопок,26282
брюки женские клеш,88592
костюм домашний женский с брюками,84790
waikiki для мальчиков,147
мужские джинсы,129219
платье для беременных,121253
лонгслив женский у2к,153036
флисовый костюм для девочки,13449
одежда мужская,25688908
классический костюм для мальчика,24239
топ с открытой спиной,41464
костюм брючный женский нарядный,62370
o'stin для девочек,847
гусарский жакет женский,820
рубашка женская черная,
юбка школьная для подростка,
пиджак школьный для девочки,
платье домашнее женское,
топ белый женский,
юбка белая женская,61722
джинсы черные багги,25219
olso,255
шорты женские классические,23133
bungly,391
куртка для девочки,153397
шорты женские спортивные,123662
укороченное пальто женское,28437
платье белое женское,242888
штаны у2к,360592
худи женское без начеса,
джинсы бананы мужские,8441
футболка черная женская,
кожаный бомбер женский,4566
polo ralph lauren,25597
рубашка в полоску мужская,22808
домашнее платье женское,92883
куртка кожаная мужская,68200
белый топ,541292
кроп топ женский,103721
рубашка в полоску женская,28148
пижама с шортами женская,120453
твое мужское,791
худи мужское оверсайз,216383
шорты для девочки,41214
бомбер замшевый женский,4086
o'stin мужское,1381
белый пиджак женский,14689
костюм с юбкой,190036
happy baby одежда,1942
lc waikiki женская,4791
платье женское длинное,490696
куртка для девочки демисезонная,130607
рубашка поло,12705
человек паук костюм,15330
lc waikiki девочки,446
широкие джинсы мужские,35800
платье рубашка женское,40388
полузамок мужской,
юбка джинсовая,
брюки для беременных,
коричневые джинсы женские,
джинсы для девочки подростка,
пиджак черный женский,
школьная форма для девочек подростков,
elaria,377
пуховик женский,189170
топ халтер,12666
широкие джинсы,174165
юбка миди женская,89329
befree куртка женская,254
colin's для женщин,
бомбер женский летний,
бомбер для девочки,
костюм летний женский с шортами,
осенняя куртка мужская,
джинсы мужские прямые,47309
футболки у2к,9210138
джинсы черные мужские,
майка с кружевом,
поло женское белое,
праздничный костюм для мальчика,
юбка атласная миди,
пальто короткое женское,
кофта женская на пуговицах,
брюки широкие женские,
худи на молнии мужское,
лонгслив мужской с длинным рукавом,
maison margiela,
жилетка женская осенне-весенние с капюшоном,
maison david,
полузамок женский,
фартук школьный,
топик женский,
рубашка в клетку,
белый топ женский,
ohdamn,
платье теплое женское,103472
женский костюм брючный,275064
пижама женская со штанами хлопок,
рубашка оверсайз женская,74732
джинсы мужские багги,18052
топ корсет женский,
кофта женская осень,
джоггеры для мальчика,
платье свадебное,
флисовый костюм для мальчика,
черная рубашка женская,
платье женское праздничное на свадьбу,
have2,67450
сарафан женский офисный,24374
летнее платье женское,1028419
henderson,1877
платье трикотажное женское осень,85541
платье футляр женское,88173
свитер с открытыми плечами,8806
karikids,485
платье рубашка,67556
футболка летучая мышь,37897
жакет приталенный женский,16030
playtoday мальчики,2709
sinsay,1609
безрукавка мужская,174631
футболка черная,13737866
o'stin для мальчика,476
худи на молнии женское,64586
платье для девочки в садик,38653
жилетка для девочки,28823
юбка плиссе женская,35699
тренч для девочки,3533
бомбер кожаный женский,4566
сарафан школьный для девочки синий,5337
stone island,11830
ветровка женская с капюшоном,34343
поло белое женское,37573
тишка кофта,2897
полупальто женское,9544
корсетный топ,37805
топ белый,541292
домашние штаны женские,89742
трикотажное платье женское,235822
черный лонгслив,231777
лосины клеш женские,9639
лонгслив мужской y2k,129898
джинсы мом женские,11651
туника,113691
футболка женская скимс,17879
рубашка с коротким рукавом,161632
школьные брюки,188889
джинсы палаццо женские,22963
pink bus,924
брюки палаццо женские классические,39992
свадебное платье белое для невесты,6631
брюки женские на резинке,245566
костюмы женские,1071185
брюки широкие мужские,103670
шуба искусственная женская короткая,7784
куртки осенние женские,523888
юбка серая,35174
платье на свадьбу вечернее,98888
накидка на купальник,31255
черная футболка,13737866
футболка мужская y2k,5524663
топ в горошек,7417
топ для девочки,18343
юбки женские,303861
футболки скимс,24076
жакет школьный для девочки,4863
джинсы скинни женские,6608
свитер женский укороченный,35917
дождевик женский,142116
олимпийка adidas,3075
фартук и нарукавники для рисования для девочек,4477
брюки в полоску женские,23573
elis женская одежда,486
фуфайка женская стеганая,835
брюки кожаные женские,34000
женские джинсы,247669
костюм женский брючный праздничный,79077
футболка с принтом,22156883
рубашка y2k,17602
поло для девочки,7295
теплая кофта женская,476632
толстовка женская с капюшоном на молнии,78828
поло мужское с длинным рукавом,
джинсовое платье женское,
рубашка для девочки школьная,
платье на выпускной,
лосины спортивные женские,102629
джинсовая куртка мужская,16240
рубашки школьные для девочки,44011
платье осень 2026 женское,194202
футболка поло для мальчика,10607
джинсы темно синие женские,
платье черное,339499
пижама со штанами женская,105928
джемпер женский тонкий с длинным рукавом,23455
vulpes для девочек,2862
лосины женские утягивающие,28394
белая рубашка мужская,77418
кожаная куртка женская оверсайз,12012
джинсы zarina женские,513
мужская одежда,25688908
кофта школьная для мальчика,237109
сарафан женский летний короткий,20540
кофта на пуговицах женская,92665
bona fide,559
рубашка на завязках,12811
футболка мужская поло,171619
zarina куртка женская,215
юбка длинная женская,36137
белый лонгслив женский,72666
топ с кружевом,85362
пиджак школьный для мальчика,2425
алиэкспресс,0
джинсы женские темно синие,25337
брюки школьные для девочки синие,21525
топ женский с чашками,89645
легинсы клеш женские,9770
пиджак оверсайз женский,15064
куртка на осень женская,523888
пижама для девочки со штанами,27554
нарядное платье женское на торжество,197889
серая юбка,35174
платья женские праздничные,267899
футболка скимс женская,17879
белорусская одежда для женщин,88098
блузки,444074
замшевый бомбер женский,4086
юбка теннисная,15968
chrome hearts,75937
брюки классические мужские,66700
пальто женское осень,145583
дождевик мужской с капюшоном,62633
рубашка для девочки,83127
шуба норковая натуральная,4889
пальто женское зимнее,150093
брюки алладины,11715
юбка джинсовая женская длинная,4114
джинсы серые женские,47944
поло с длинным рукавом женское,14683
пижама мужская со штанами,11934
утягивающая футболка,23175
ecru одежда женская,153
спортмастер женское,6061
кофта теплая женская,476632
рубашка оверсайз,94427
джинсы для мальчика широкие,6034
куртка женская демисезонная с капюшоном,195269
платье пляжное женское,151513
брюки черные женские классические,62992
sela женская одежда,1360
платье трикотажное женское,235822
костюм с юбкой женский деловой,21261
платье женское летнее длинное,269747
бриджи женские,12671
костюм женский брючный осенний,209973
джемпер женский с длинным рукавом,53527
женские брюки,676304
тренч женский весна-осень,20926
штаны клеш женские,88592
пеньюар женский,48085
кардиган длинный женский,55095
набор футболок для девочки,12747
платье футболка женское,36031
джинсы женские большие размеры,48550
куртка befree женская,254
брюки мужские классические широкие,21667
брюки для девочки,66646
худи серое,162700
джинсы мужские y2k,36360
джинсы клеш на низкой посадке,12192
пальто укороченное,34619
сарафан школьный,13533
шорты женские домашние,112904
костюм льняной женский с шортами,5179
футболка человек паук,81175
рубашка джинсовая женская,6794
шорты мужские спортивные,194615
классический костюм женский,141104
рубашка в полоску,49784
вельветовый костюм женский,4116
пиджак укороченный,15410
топ вечерний женский,226157
син,101315
playtoday для девочек,3703
платье рубашка женское летнее,53422
юбка карандаш мини,8985
oodji женская одежда,472
лосины женские в рубчик,23566
брюки женские классические широкие,105468
кофта с открытыми плечами,20075
джинсовые шорты женские,41383
джинсовая юбка,20376
костюм человека паука женский,4376
terranova,
юбка женская осень,
пальто демисезонное женское,
сарафан женский летний длинный,
топы,
футболки скимс набор,
watashiwa,
штаны школьные для мальчика,
верхняя одежда женская,
костюм человека паука для мальчика,
savage женский одежда,
джинсы бананы,
туника женская летняя,
блузки для девочек школьные,
befree футболка женская,
зимнее пальто женское,150093
верхняя одежда женская осень,745980
домашний костюм женский с шортами,
платье на осень женское,
платье вязаное женское,
брюки на низкой посадке,
ветровка женская летняя,
костюм офисный женский,
куртка осенняя женская больших размеров,
платье лапша,
зипка черная,
брюки для мальчика школьные,
кимоно женское летнее,
широкие штаны,
платье офисное деловое,
куртка демисезонная женская удлиненная,
костюм женский офисный,
пиджак для женщин,
лонгслив женский полупрозрачный,
пижама для девочки с шортами,
джинсы женские на резинке,
дубленка,
набор лонгсливов женских,
голубая рубашка,
набор футболок мужских,
дождевик мужской,
кейп,
gloria jeans для девочек школа,
лонгслив для девочки подростка,
zarina платье,
футболки мужские набор,660609
толстовка мужская на молнии,138055
куртка демисезонная женская больших размеров,82718
куртка для мальчика,81266
белая юбка женская,
белая майка женская,60551
штаны классические женские,177323
пиджак белый женский,14689
пижамные штаны женские,73294
школьный костюм для девочки,48626
пижама женская с шортами и футболкой,26756
платье комбинация,91411
юбка женская черная,115579
платье нарядное женское,113138
свитер y2k,91193
укороченный пиджак женский,
женская футболка,
свитер женский вязаный,
брюки школьные для мальчика синие,12474
юбка для девочки,20778
черные джинсы багги,25219
брюки белые,379360
поло с длинным рукавом мужское,24372
пижама для девочки подростка,40175
топы женские,1813277
юбка короткая,36181
жакет твидовый женский,3601
лонгслив белый женский,72666
платье праздничное женское,267899
темно синие джинсы женские,25337
джинсы женские чернильные,562
длинный кардиган женский,55095
зимний костюм для девочки,69730
сорочка,168350
wonderclo,472
майка белая,106775
джинсы женские прямые с высокой посадкой,74942
майка женская летняя свободная,
ветровка женская больших размеров,
офисная одежда для женщин,
vulpes,
пончо,
by a rule,
рубашки школьные для мальчика,
штаны черные,
юбка белая,
ночнушка,
топ с чашками,
ветровка для девочки подростка,
штаны женские классические,
халат мужской,
джинсовка,
лонгслив черный,
брюки женские коричневые,
водолазка женская без горла,
бомбер женский замшевый,
karnity,
школьная одежда,
куртка зимняя женская больших размеров,
шуба женская зимняя,
школьная одежда для девочек,
белое платье,
кофта с кружевом,
розовая рубашка женская,
лонгслив летучая мышь,
блузка для девочки,
свитер с горлом женский,
черные шорты для мальчика,
майка женская на бретельках,
zarina брюки женские,
джинсы прямые,
кофточка женская стильные,521720
платье в горошек женское,
футболка женская приталенная,
кожаная куртка мужские,
пуховик зимний женский,
топики,
пиджак коричневый женский,
домашний костюм,
кофта женская оверсайз,
футболка мужская черная,
палаццо женские,
белая юбка,
united colors of benetton,
платье женское белое,
костюм крысы надувной,
брючный костюм,
кофта мужская y2k,844815
vulpes для мальчиков,2864
бриджи женские летние больших размеров,6017
пижама детская для девочки,134291
джинсы белые,13164
юбка с кружевом,88220
bodo мальчики,1684
платье белое,394848
куртка осенняя,1009363
футболка скимс,24076
плащ женский,33973
рубашка женская голубая,31513
пальто укороченное женское,28437
брюки мужские широкие,103670
спортивные штаны для девочки,45627
зимний комбинезон для девочки,19593
халат,215259
поло мужское с коротким рукавом,114521
твидовый пиджак женский,2593
джинсы для беременных,8698
футболка женская летняя,8703166
зип худи женское,63903
жилет,486103
школьные брюки для девочки,91393
annemore,1636
водолазка,53746
джинсы женские бананы,11968
зарина,7313
жилет женский утепленный,51268
укороченный тренч женский,4892
куртка демисезонная,1015570
джинсы бананы женские,11968
пальто зимнее женское,150093
брюки женские классические прямые,48068
блузка женская летняя,268156
костюм двойка женский,138741
летний костюм женский,753850
рубашка мужская черная,56155
кожаная куртка,136818
топ женский вечерний,226157
штаны школьные,188889
замшевая куртка женская,16790
платье пиджак,13505
осень 2026 женская одежда,1899687
рубашка белая для мальчика,10259
легинсы для девочки,33965
джинсовая рубашка женская,6794
белые брюки женские,358764
куртка джинсовая женская,50293
пуловер женский,94213
мужская футболка,14618994
олимпийка мужская,25806
кардиган женский длинный,55095
олимпийка женская,25689
жилет женский костюмный,13450
рубашка с коротким рукавом женская,74248
блуза женская,427100
велюровый костюм женский,8391
комбинезон демисезонный для мальчика,17571
школьные брюки для мальчика,39586
пиджак женский черный,27209
свитшот для девочки,107708
остин,2847
скимс,41917
зимняя куртка мужская,585537
рубашка мужская с коротким рукавом,101769
телодвижения мужское,65004
tishka футболка,85286
кофта на молнии,307855
куртка осенняя для мальчика,28330
платья женские,1115304
рубашка мужская голубая,36771
вечернее платье,583209
куртка кожаная женская весна-осень,81677
платье комбинация женское,124187
пальто женское весна-осень короткое,25506
пижама мужская,46744
рубашка белая мужская,77418
майка белая женская,60551
атласная юбка,19972
дубленка женская демисезонная,4971
джинсы женские клеш,40890
черное платье женское,291717
костюм домашний женский,198848
джинсы коричневые женские,13908
ветровка женская весна-осень,99175
куртки женские демисезонные,432645
кожанка,151050
тренч укороченный,4865
джинсы белые женские,10903
кардиган женский на пуговицах,65059
юбка кожаная женская,14644
водолазка для мальчика,2700
юбки,346286
befree джинсы женские,393
своя культура,116
джинсы клеш женские от колена,12604
юбка мини,118549
джинсовая юбка женская,17707
штаны клеш,93030
безрукавка женская,200663
свитшот женский оверсайз,126554
бомбер мужской весна-осень,39163
блузка для девочки школьная,48395
куртка зимняя женская с капюшоном,287617
джинсы широкие мужские,35800
рубашка женская теплая,24866
черная футболка женская,4590821
зимняя куртка,1138238
футболки для девочек,5467819
кофта женская нарядная,247753
кружевной топ,99839
поло белое,121083
женский костюм,1071185
комбинезон зимний для мальчика,15070
джинсы багги мужские,18052
двойка женская,150990
брюки вельветовые женские,8801
рубашка женская черная,46170
юбка школьная для подростка,18524
пиджак школьный для девочки,5389
платье домашнее женское,92883
топ белый женский,307906
худи женское без начеса,844684
футболка черная женская,4590821
полузамок мужской,7860
юбка джинсовая,20376
брюки для беременных,46497
коричневые джинсы женские,13908
джинсы для девочки подростка,42081
пиджак черный женский,27209
школьная форма для девочек подростков,48262
colin's для женщин,13096
бомбер женский летний,15390
бомбер для девочки,12406
костюм летний женский с шортами,90273
осенняя куртка мужская,525133
джинсы черные мужские,38070
майка с кружевом,43178
поло женское белое,37573
праздничный костюм для мальчика,29564
юбка атласная миди,8790
пальто короткое женское,28177
кофта женская на пуговицах,92665
брюки широкие женские,323213
худи на молнии мужское,71619
лонгслив мужской с длинным рукавом,115404
maison margiela,25315
жилетка женская осенне-весенние с капюшоном,27073
maison david,10766
полузамок женский,13041
фартук школьный,9592
топик женский,1813277
рубашка в клетку,62630
белый топ женский,307906
ohdamn,915
пижама женская со штанами хлопок,43865
топ корсет женский,34086
кофта женская осень,1604432
джоггеры для мальчика,22938
платье свадебное,48992
флисовый костюм для мальчика,10789
черная рубашка женская,46170
платье женское праздничное на свадьбу,26673
поло мужское с длинным рукавом,24372
джинсовое платье женское,15564
рубашка для девочки школьная,44011
платье на выпускной,163692
джинсы темно синие женские,25337
terranova,1338
юбка женская осень,236798
пальто демисезонное женское,139786
сарафан женский летний длинный,41415
топы,1212929
футболки скимс набор,3355
watashiwa,145
штаны школьные для мальчика,39586
верхняя одежда женская,904898
костюм человека паука для мальчика,7158
savage женский одежда,1221
джинсы бананы,20695
туника женская летняя,89561
блузки для девочек школьные,48395
befree футболка женская,780
домашний костюм женский с шортами,69853
платье на осень женское,962763
платье вязаное женское,27009
брюки на низкой посадке,162927
ветровка женская летняя,36831
костюм офисный женский,109944
куртка осенняя женская больших размеров,108004
платье лапша,19293
зипка черная,97596
брюки для мальчика школьные,39586
кимоно женское летнее,25990
широкие штаны,632035
платье офисное деловое,229569
куртка демисезонная женская удлиненная,117396
костюм женский офисный,109944
пиджак для женщин,269173
лонгслив женский полупрозрачный,5934
пижама для девочки с шортами,30770
джинсы женские на резинке,14601
дубленка,12558
набор лонгсливов женских,9468
голубая рубашка,112933
набор футболок мужских,660609
дождевик мужской,145567
кейп,16928
gloria jeans для девочек школа,883
лонгслив для девочки подростка,44476
zarina платье,780
белая юбка женская,61722
укороченный пиджак женский,16579
женская футболка,19432572
свитер женский вязаный,134522
майка женская летняя свободная,46002
ветровка женская больших размеров,18416
офисная одежда для женщин,2447173
vulpes,2867
пончо,73434
by a rule,578
рубашки школьные для мальчика,21711
штаны черные,438504
юбка белая,74045
ночнушка,283129
топ с чашками,111672
ветровка для девочки подростка,8429
штаны женские классические,177323
халат мужской,25449
джинсовка,48637
лонгслив черный,231777
брюки женские коричневые,73776
водолазка женская без горла,26940
бомбер женский замшевый,4086
karnity,48
школьная одежда,2649978
куртка зимняя женская больших размеров,123752
шуба женская зимняя,42534
школьная одежда для девочек,1364531
белое платье,394848
кофта с кружевом,31841
розовая рубашка женская,35708
лонгслив летучая мышь,3025
блузка для девочки,23364
свитер с горлом женский,25106
черные шорты для мальчика,4763
майка женская на бретельках,42750
zarina брюки женские,1119
джинсы прямые,150096
платье в горошек женское,25946
футболка женская приталенная,177687
кожаная куртка мужские,68200
пуховик зимний женский,180706
топики,1212929
пиджак коричневый женский,9976
домашний костюм,371084
кофта женская оверсайз,971540
футболка мужская черная,7971801
палаццо женские,98626
белая юбка,74045
united colors of benetton,5624
платье женское белое,242888
костюм крысы надувной,5559
брючный костюм,762588
широкие джинсы женские,124587
платье футляр,89240
юбка баллон,2347
твидовый пиджак,3073
кигуруми,31111
топ женский под пиджак,74214
намазник для женщин,3256
осенняя куртка,1009363
надувной костюм,29288
red flag одежда,2442
пляжный костюм женский,226771
лонгслив скимс,8624
мужские брюки,432238
куртка стеганая женская демисезонная,35284
плащ для девочки,2174
кружевная блузка,34289
брюки мужские летние,339392
джинсы багги черные,25219
дождевик женский с капюшоном,31565
платье лапша женское,18771
худи женское на молнии,64586
acoola для мальчиков,645
джинсы трубы женские,64361
поло с длинным рукавом,33691
леггинсы для девочки,33965
льняной костюм женский,28870
кожаная юбка женская,14644
юбка у2к,106937
мужской костюм,622665
летний костюм женский с брюками,246984
бомбер осенний женский,35090
майки женские,239874
пляжная туника женская,46201
пижама женская теплая,54256
блузка кружевная прозрачная,2889
платье свадебное для невесты,15916
джинсы женские летние,232538
кроп топ,115353
бомбер женский утепленный,7440
черная рубашка,128111
штаны женские широкие,323213
брюки клеш для девочки школьные,12543
кофта для мальчика,337547
школьное платье для девочки,18219
юбка коричневая женская,26950
flared jeans мужские,1103
юбка трапеция женская,28249
брюки школьные для мальчика широкие,17848
куртка с мехом женская,88203
зимний костюм для мальчика,64609
брюки палаццо для девочки школьные,17127
топ корсет,37805
пальто женское укороченное,28437
поло с длинным рукавом для мальчика,3694
вначале любовь,33
пижама детская,98938
худи для девочки,61140
ред флаг,868
юбка школьная для девочки синяя,7328
платье женское праздничное вечернее,240061
леопардовые джинсы,2341
блуза женская нарядная,115514
трикотажный костюм женский с юбкой,14266
жилетка женская летняя,105609
юбка женская школьная,42683
lc waikiki мальчики,147
поло мужское белое,65057
брюки летние женские легкие,50049
bodo,1990
футболка женская у2к,8231434
костюм вечерний женский,243392
кардиган на пуговицах женский,65059
куртка весенняя женская,494712
zolla мужское,2054
костюм для беременных,58138
костюм брючный,762588
шорты женские джинсовые,41383
велосипедки короткие,8577
куртка для мальчика демисезонная,76800
черный пиджак женский,27209
пиджак твидовый женский,2593
ветровка женская весна-осень модная 2026 с капюшоном,7652
костюм юбка и пиджак женский,6174
кофты у2к,963728
рубашка голубая,112933
футболка женская летняя стильная,7093199
брюки в полоску,26172
блузка женская больших размеров,107586
юбка осенняя женская,236798
лосины женские летние,123697
обманка для мальчика в школу,1803
vnevremeni,60
толстовка на молнии женская,101765
женская рубашка,371406
рубашки женские стильные,104863
легинсы,190260
поло ralph lauren,27540
форма школьная для девочки,162898
женское платье,1115304
костюм мужской летний,372313
пиджак женский летний,99879
жилетка для мальчика,25525
женские футболки,19432572
платье с кардиганом,10528
свитшот женский с начесом,34036
bulmer одежда для женщин,318
платье с открытой спиной,60923
юбка мини женская,87470
платье вечернее на свадьбу,98888
джеггинсы женские,7393
худи для мальчика,253708
джинсы широкие y2k,67046
кофта школьная,554042
сорочка женская ночная хлопок,26282
брюки на резинке женские,245566
одежда для девочек,7466761
зола одежда женская,2991
рубашка черная женская,46170
рубашка поло мужская,113201
халат домашний женский,93506
желетка,486103
рубашка школьная для мальчика на кнопках,5792
толстовка для девочки,303830
кофты мужские,1749105
джинсы рваные женские,9855
теплая рубашка женская,24866
look online,248
жилет костюмный женский,13450
easttrend,1054
вечернее платье женское на свадьбу,95985
кофта поло,69620
футболка женская черная,4590821
капри женские летние,9940
colin's,14666
теплый костюм для девочки,34400
джинсы багги y2k,44001
платье скимс,2046
шорты женские лен,9429
багги джинсы женские,46748
платье женское больших размеров,249252
халат женский домашний теплый,18998
костюм детский для девочки,115856
школьные штаны,188889
зипка серая,48471
рубашка белая для девочки,37892
befree союзмультфильм,14
calista,3861
костюм для девочки в садик,40785
белые брюки,379360
черная футболка мужская,7971801
костюм вязаный женский с брюками,7436
зимняя куртка для девочки,34730
куртка женская кожаная,1004085
шорты джинсовые,44812
клеш лосины,12168
жилетка женская вязаная,16834
брюки спортивные для мальчика,26325
школьное платье,54090
maag дети девочки,137
мини юбка женская,87470
топ под пиджак,75732
шорты женские летние джинсовые,31647
шорты черные,167371
костюм женский с юбкой деловой,21261
накидка на платье,34425
лонгслив в полоску,19750
рубашка для мальчика школьная,21711
черная юбка,128553
кожанка женская оверсайз,7293
скимс футболка белая,13453
tishka лонгслив,1505
телодвижение,117935
рубашка школьная оверсайз,37108
хенли,10641
полупальто,13197
худи на молнии,232388
демисезонный комбинезон для девочки,14324
пижамы женские,333232
нарядная блузка женская вечерняя,104870
mango kids,330
халат женский домашний летний,81980
штаны y2k,128908
серая кофта,409291
халат женский шелковый,21040
gulliver мальчики,632
тактический костюм,25086
куртка женская осенняя с капюшоном,204674
юбка баллон женская,2160
косуха женская оверсайз,5717
футболка с кружевом женская,31259
платье женское праздничное больших размеров,202220
finn flare женский,1040
демисезонный комбинезон для мальчика,17571
брюки карго женские,24655
платье атласное женское,62203
брюки классические,246148
шорты черные для мальчика на физкультуру,2348
скимс футболка набор,3355
джинсы голубые женские,63932
костюм с шортами женский летний,90273
блузки женские,427100
платье пиджак женское вечернее,5503
lassie,1664
new yorker одежда,1659
джинсы клеш у2к,15202
плащ женский осень-весна до колен,10559
костюм вельветовый женский,4116
пальто пиджак,8459
жакет женский летний,74937
кофта на замке женская,140249
sela джинсы женские,77
анорак женский,2636
скимс лонгслив,8624
рубашки мужские,290941
платье женское летнее нарядное,385782
waikiki для мужчин,4374
майка женская под пиджак,43438
ночнушка женская красивая,25397
штаны летние женские,633906
куртка zarina женская,215
gulliver девочки,854
блузка с баской,185
свитер на молнии женский,18521
костюм тройка для мальчика,3727
платье джинсовое женское,15564
рубашка укороченная женская,81927
куртка осень,1009363
джинсы женские широкие с высокой посадкой,97524
поло вязаное женское,14054
куртка на осень,1009363
худи черное,1009996
куртка демисезонная женская с капюшоном стильная,105681
кофта человек паук,7251
серые джинсы женские,47944
юбка женская мини,87470
лонгслив женский набор,9468
топ кружевной,99839
халат мужской махровый,5070
джинсовка мужская,16240
джинсы синие женские,100373
foreals,5816
юбка школьная у2к,7221
лосины для фитнеса женские,46541
ветровки женские весна-осень с капюшоном,27087
джинсы фларед,4138
брючный костюм женский летний,194539
фларед джинсы,4138
белая футболка скимс,13453
черные шорты для девочки,4881
котон,13581
свитер оверсайз женский,202101
футболка с длинным рукавом женская,1267221
костюм трикотажный женский с юбкой,14266
гусарский жакет,825
y2k одежда,10375078
майка под пиджак женская,43438
зимняя куртка для мальчика,30177
халат женский махровый,9600
футболка черная мужская,7971801
костюм тройка женский классический,3049
платье коричневое женское,106229
топ на бретелях,163593
пижама женская с бриджами,3804
топики для девочек,18343
жилет утепленный женский,51268
dub одежда женская,1111
черное платье,339499
вязаное поло женское,14054
белая майка,106775
юбка женская атласная,19064
лонгслив y2k,155515
платье офисное женское,219592
худи оверсайз женское,726309
джинсы серые,83580
школьный костюм для мальчика,32535
куртка на осень женская стильная 2026,44198
кардиган пушистый женский,7332
bootcut джинсы мужские,1621
тренч короткий женский,4698
приталенный пиджак,21425
пляжное платье,162857
рубашка черная,128111
рубашка поло для мальчика,1249
полупрозрачный лонгслив,5460
куртка ветровка женская,73953
кардиган школьный для девочки,11916
кардиган мужской на молнии,8173
куртка кожаная,136818
водолазка мужская с горлом,3608
красное платье женское,108536
рубашка женская коричневая,19457
костюм детский для мальчика,111105
рубашка женская белая оверсайз,28233
пижама детская для мальчика,12897
полупальто женское демисезонное стильное 2026,1896
джинсовая куртка,48637
кигуруми взрослый,18770
снежная королева куртка женская,842
костюм женский брючный с пиджаком,12876
sela куртка женская,35
crockid комбинезон зимний,165
платье длинное женское,490696
набор футболок,720847
tishka худи,1920
черные брюки,438504
бомбер женский кожаный,4566
костюм женский деловой,99953
блузка школьная для девочки с коротким рукавом,8688
рубашка мужская вельветовая,3445
футболка оверсайз y2k,5857374
платье летнее женское легкое,350188
дубленка женская зимняя короткая,1809
befree брюки женские,695
брюки утепленные женские,66565
рваные джинсы женские,9855
платье с корсетом,19947
блейзер женский,24167
костюм с жилеткой женский брючный,10803
глория для мальчика,2868
утягивающие легинсы с высокой посадкой,25126
штаны пижамные женские,73294
поло женское у2к,11836
юбка черная школьная,22323
джинсы леопардовые женские,2016
белая блузка,148755
свитшот у2к,154249
юбка y2k,21309
mjolk,515
джинсы sela женские,77
для девочки,129940
gulliver,2156
кардиган женский удлиненный пушистый,4695
брюки серые,295852
комбинезон зимний женский,48106
костюм теплый для девочки,34400
пижама с шортами,124126
куртка мужская демисезонная с капюшоном,201030
пиджак женский белый,14689
костюм трикотажный женский,103532
джинсы со стразами,5195
шуба искусственная женская зимняя,21087
брюки клеш женские классические,17701
юбка макси,45610
широкие брюки,632035
туника пляжная,47338
костюм женский осенний брючный,209973
пижама женская с штанами,105873
комплект одежды женский,772212
белая кофта,911784
укороченный тренч,4865
топ для девочки подростков нижнее белье,21881
школьная рубашка для девочки,44011
брюки летние женские,633906
кимоно женское,111492
серый свитер женский,44668
футболка оверсайз мужская,9984245
кожанка мужская,68200
костюм деловой женский,99953
школьная форма для девочек 1 класс,8997
